{"type": "metrics", "dataset": "train", "precision": 0.9582350959919165, "balanced_accuracy": 0.7971208309207851, "recall": 0.6018616458641844, "f1_score": 0.7393451143451143}
{"type": "metrics", "dataset": "test", "precision": 0.6643538594969645, "balanced_accuracy": 0.6733404896710938, "recall": 0.4012572027239392, "f1_score": 0.5003265839320705}
{"type": "cm_matrix", "dataset": "train", "true_0": {"predicted_0": 16149, "predicted_1": 124}, "true_1": {"predicted_0": 1882, "predicted_1": 2845}}
{"type": "cm_matrix", "dataset": "test", "true_0": {"predicted_0": 6704, "predicted_1": 387}, "true_1": {"predicted_0": 1143, "predicted_1": 766}}
